CREATE TYPE rarity AS ENUM ('Common',
                            'Uncommon',
                            'Rare',
                            'Very Rare',
                            'Legendary',
                            'Artifact',
                            'Unknown');

CREATE TYPE itemType AS ENUM ('Ammunition',
                              'Artisan Tool',
                              'Explosive',
                              'Adventuring Gear',
                              'Gaming Set',
                              'Heavy Armor',
                              'Instrument',
                              'Light Armor',
                              'Melee Weapon',
                              'Medium Armor',
                              'Mount',
                              'Generic Variant',
                              'Potion',
                              'Ranged Weapon',
                              'Rod',
                              'Ring',
                              'Shield',
                              'Scroll',
                              'Spellcasting Focus',
                              'Tool',
                              'Tack and Harness',
                              'Trade Good',
                              'Treasure',
                              'Vehicle',
                              'Wondrous Item',
                              'Wand');

CREATE TYPE damageType AS ENUM ('bludgeoning',
                                'necrotic',
                                'piercing',
                                'radiant',
                                'slashing');

CREATE TYPE weaponType AS ENUM ('Martial',
                                'Simple');

CREATE TYPE weaponRange AS ENUM ('Melee',
                                 'Ranged',
                                 'Mixed');

CREATE TABLE item (name text PRIMARY KEY,
                   type itemType,
                   rarity rarity,
                   source text REFERENCES book (abbreviation),
                   value gp,
                   weight float,
                   page smallint,
                   description text,
                   randomBeneficialProperties smallint,
                   randomDetrimentalProperties smallint,
                   ac smallint,
                   weapon boolean,
                   weaponCategory weaponType,
                   damage1 text,
                   damage2 text,
                   damageType damageType,
                   damageBonus smallint,
                   hitBonus smallint,
                   range Point,
                   requiresAttunement boolean);
INSERT INTO item VALUES
-- Weapons
('Battleaxe', 'Melee Weapon', 'Unknown', 'PHB', '10gp', 4, 149, NULL, 0, 0, NULL, TRUE, 'Martial', '1d8', '1d10', 'slashing', 0, 0, NULL, FALSE),
('Blowgun', 'Ranged Weapon', 'Unknown', 'PHB', '10gp', 1, 149, NULL, 0, 0, NULL, TRUE, 'Martial', '1', NULL, 'piercing', 0, 0, Point(25, 100), FALSE),
('Club', 'Melee Weapon', 'Unknown', 'PHB', '1sp', 2, 149, NULL, 0, 0, NULL, TRUE, 'Simple', '1d4', NULL, 'bludgeoning', 0, 0, NULL, FALSE),
('Dagger', 'Melee Weapon', 'Unknown', 'PHB', '2gp', 1, 149, NULL, 0, 0, NULL, TRUE, 'Simple', '1d4', NULL, 'piercing', 0, 0, Point(20, 60), FALSE),
('Dart', 'Ranged Weapon', 'Unknown', 'PHB', '5cp', 0.25, 149, NULL, 0, 0, NULL, TRUE, 'Simple', '1d4', NULL, 'piercing', 0, 0, Point(20, 60), FALSE),
('Flail', 'Melee Weapon', 'Unknown', 'PHB', '10gp', 2, 149, NULL, 0, 0, NULL, TRUE, 'Martial', '1d8', NULL, 'bludgeoning', 0, 0, NULL, FALSE),
('Glaive', 'Melee Weapon', 'Unknown', 'PHB', '20gp', 6, 149, NULL, 0, 0, NULL, TRUE, 'Martial', '1d10', NULL, 'slashing', 0, 0, NULL, FALSE),
('Greataxe', 'Melee Weapon', 'Unknown', 'PHB', '30gp', 7, 149, NULL, 0, 0, NULL, TRUE, 'Martial', '1d10', NULL, 'bludgeoning', 0, 0, NULL, FALSE),
('Greatclub', 'Melee Weapon', 'Unknown', 'PHB', '2sp', 10, 149, NULL, 0, 0, NULL, TRUE, 'Simple', '1d8', NULL, 'bludgeoning', 0, 0, NULL, FALSE),
('Greatsword', 'Melee Weapon', 'Unknown', 'PHB', '50gp', 6, 149, NULL, 0, 0, NULL, TRUE, 'Martial', '2d6', NULL, 'slashing', 0, 0, NULL, FALSE),
('Halberd', 'Melee Weapon', 'Unknown', 'PHB', '20gp', 6, 149, NULL, 0, 0, NULL, TRUE, 'Martial', '1d10', NULL, 'slashing', 0, 0, NULL, FALSE),
('Handaxe', 'Melee Weapon', 'Unknown', 'PHB', '5gp', 2, 149, NULL, 0, 0, NULL, TRUE, 'Simple', '1d6', NULL, 'slashing', 0, 0, Point(20, 60), FALSE),
('Hand Crossbow', 'Ranged Weapon', 'Unknown', 'PHB', '75gp', 3, 149, NULL, 0, 0, NULL, TRUE, 'Martial', '1d6', NULL, 'piercing', 0, 0, Point(30, 120), FALSE),
('Heavy Crossbow', 'Ranged Weapon', 'Unknown', 'PHB', '50gp', 18, 149, NULL, 0, 0, NULL, TRUE, 'Martial', '1d10', NULL, 'piercing', 0, 0, Point(100, 400), FALSE),
('Javelin', 'Melee Weapon', 'Unknown', 'PHB', '2sp', 2, 149, NULL, 0, 0, NULL, TRUE, 'Simple', '1d6', NULL, 'piercing', 0, 0, Point(20, 120), FALSE),
('Lance', 'Melee Weapon', 'Unknown', 'PHB', '10gp', 6, 149, 'You have disadvantage when you use a lance to attack a target within 5 feet of you. Also, a lance requires two hands to wield when you aren''t mounted.', 0, 0, NULL, TRUE, 'Martial', '1d12', NULL, 'piercing', 0, 0, NULL, FALSE),
('Light Crossbow', 'Ranged Weapon', 'Unknown', 'PHB', '25gp', 5, 149, NULL, 0, 0, NULL, TRUE, 'Simple', '1d8', NULL, 'piercing', 0, 0, Point(80, 320), FALSE),
('Light Hammer', 'Melee Weapon', 'Unknown', 'PHB', '2gp', 2, 149, NULL, 0, 0, NULL, TRUE, 'Simple', '1d4', NULL, 'bludgeoning', 0, 0, Point(20, 60), FALSE),
('Longbow', 'Ranged Weapon', 'Unknown', 'PHB', '50gp', 2, 149, NULL, 0, 0, NULL, TRUE, 'Martial', '1d8', NULL, 'piercing', 0, 0, Point(150, 600), FALSE),
('Longsword', 'Melee Weapon', 'Unknown', 'PHB', '15gp', 3, 149, NULL, 0, 0, NULL, TRUE, 'Martial', '1d8', '1d10', 'slashing', 0, 0, NULL, FALSE),
('Mace', 'Melee Weapon', 'Unknown', 'PHB', '5gp', 4, 149, NULL, 0, 0, NULL, TRUE, 'Simple', '1d6', NULL, 'bludgeoning', 0, 0, NULL, FALSE),
('Maul', 'Melee Weapon', 'Unknown', 'PHB', '10gp', 10, 149, NULL, 0, 0, NULL, TRUE, 'Martial', '2d6', NULL, 'bludgeoning', 0, 0, NULL, FALSE),
('Morningstar', 'Melee Weapon', 'Unknown', 'PHB', '15gp', 4, 149, NULL, 0, 0, NULL, TRUE, 'Martial', '1d8', NULL, 'piercing', 0, 0, NULL, FALSE),
('Net', 'Ranged Weapon', 'Unknown', 'PHB', '1gp', 3, 149, 'A Large or smaller creature hit by a net is {@condition restrained} until it is freed. A net has no effect on creatures that are formless, or creatures that are Huge or larger. A creature can use its action to make a DC 10 Strength check, freeing itself or another creature within its reach on a success. Dealing 5 slashing damage to the net (AC 10) also frees the creature without harming it, ending the effect and destroying the net. When you use an action, bonus action, or reaction to attack with a net, you can make only one attack regardless of the number of attacks you can normally make.', 0, 0, NULL, TRUE, 'Martial', '0', NULL, NULL, 0, 0, Point(5, 15), FALSE),
('Pike', 'Melee Weapon', 'Unknown', 'PHB', '5gp', 18, 149, NULL, 0, 0, NULL, TRUE, 'Martial', '1d10', NULL, 'piercing', 0, 0, NULL, FALSE),
('Quarterstaff', 'Melee Weapon', 'Unknown', 'PHB', '2sp', 4, 149, NULL, 0, 0, NULL, TRUE, 'Simple', '1d6', '1d8', 'bludgeoning', 0, 0, NULL, FALSE),
('Rapier', 'Melee Weapon', 'Unknown', 'PHB', '25gp', 2, 149, NULL, 0, 0, NULL, TRUE, 'Martial', '1d8', NULL, 'piercing', 0, 0, NULL, FALSE),
('Scimitar', 'Melee Weapon', 'Unknown', 'PHB', '25gp', 3, 149, NULL, 0, 0, NULL, TRUE, 'Martial', '1d6', NULL, 'slashing', 0, 0, NULL, FALSE),
('Shortbow', 'Ranged Weapon', 'Unknown', 'PHB', '25gp', 2, 149, NULL, 0, 0, NULL, TRUE, 'Simple', '1d6', NULL, 'piercing', 0, 0, Point(80, 320), FALSE),
('Shortsword', 'Melee Weapon', 'Unknown', 'PHB', '10gp', 2, 149, NULL, 0, 0, NULL, TRUE, 'Martial', '1d6', NULL, 'piercing', 0, 0, NULL, FALSE),
('Sickle', 'Melee Weapon', 'Unknown', 'PHB', '1gp', 2, 149, NULL, 0, 0, NULL, TRUE, 'Simple', '1d4', NULL, 'slashing', 0, 0, NULL, FALSE),
('Sling', 'Ranged Weapon', 'Unknown', 'PHB', '1sp', 0, 149, NULL, 0, 0, NULL, TRUE, 'Simple', '1d4', NULL, 'bludgeoning', 0, 0, Point(30, 120), FALSE),
('Spear', 'Melee Weapon', 'Unknown', 'PHB', '1gp', 3, 149, NULL, 0, 0, NULL, TRUE, 'Simple', '1d6', '1d8', 'piercing', 0, 0, Point(20, 60), FALSE),
('Trident', 'Melee Weapon', 'Unknown', 'PHB', '5gp', 4, 149, NULL, 0, 0, NULL, TRUE, 'Martial', '1d6', '1d8', 'piercing', 0, 0, Point(20, 60), FALSE),
('War Pick', 'Melee Weapon', 'Unknown', 'PHB', '5gp', 2, 149, NULL, 0, 0, NULL, TRUE, 'Martial', '1d8', NULL, 'piercing', 0, 0, NULL, FALSE),
('Warhammer', 'Melee Weapon', 'Unknown', 'PHB', '15gp', 2, 149, NULL, 0, 0, NULL, TRUE, 'Martial', '1d8', '1d10', 'bludgeoning', 0, 0, NULL, FALSE),
('Whip', 'Melee Weapon', 'Unknown', 'PHB', '2gp', 3, 149, NULL, 0, 0, NULL, TRUE, 'Martial', '1d4', NULL, 'slashing', 0, 0, NULL, FALSE),
('Yklwa', 'Melee Weapon', 'Unknown', 'ToA', '1gp', 3, 32, 'A yklwa (pronounced YICK-ul-wah) is a simple melee weapon that is the traditional weapon of Chultan warriors. A yklwa consists of a 3-foot wooden shaft with a steel or stone blade up to 18 inches long. Although it has the thrown weapon property, the yklwa is not well balanced for throwing.', 0, 0, NULL, TRUE, 'Simple', '1d8', NULL, 'piercing', 0, 0, Point(10, 30), FALSE),
('Pistol', 'Ranged Weapon', 'Unknown', 'DMG', '250gp', 3, 268, NULL, 0, 0, NULL, TRUE, 'Martial', '1d10', NULL, 'piercing', 0, 0, Point(30, 90), FALSE),
('Musket', 'Ranged Weapon', 'Unknown', 'DMG', '500gp', 10, 268, NULL, 0, 0, NULL, TRUE, 'Martial', '1d12', NULL, 'piercing', 0, 0, Point(40, 120), FALSE),
('Automatic Pistol', 'Ranged Weapon', 'Unknown', 'DMG', NULL, 3, 268, 'Holds 15 rounds per magazine.', 0, 0, NULL, TRUE, 'Martial', '2d6', NULL, 'piercing', 0, 0, Point(50, 150), FALSE),
('Revolver', 'Ranged Weapon', 'Unknown', 'DMG', NULL, 3, 268, 'Holds 6 rounds at a time.', 0, 0, NULL, TRUE, 'Martial', '2d8', NULL, 'piercing', 0, 0, Point(40, 120), FALSE),
('Hunting Rifle', 'Ranged Weapon', 'Unknown', 'DMG', NULL, 8, 268, 'Holds 5 rounds per clip.', 0, 0, NULL, TRUE, 'Martial', '2d10', NULL, 'piercing', 0, 0, Point(80, 240), FALSE),
('Automatic Rifle', 'Ranged Weapon', 'Unknown', 'DMG', NULL, 8, 268, 'Holds 30 rounds per magazine.', 0, 0, NULL, TRUE, 'Martial', '2d8', NULL, 'piercing', 0, 0, Point(80, 240), FALSE),
('Shotgun', 'Ranged Weapon', 'Unknown', 'DMG', NULL, 7, 268, 'Double-barreled - holds 2 shells at a time.', 0, 0, NULL, TRUE, 'Martial', '2d8', NULL, 'piercing', 0, 0, Point(30, 90), FALSE),
('Laser Pistol', 'Ranged Weapon', 'Unknown', 'DMG', NULL, 2, 268, 'Each energy cell can power up to 50 shots.', 0, 0, NULL, TRUE, 'Martial', '3d6', NULL, 'radiant', 0, 0, Point(30, 120), FALSE),
('Antimatter Rifle', 'Ranged Weapon', 'Unknown', 'DMG', NULL, 10, 268, 'Each antimatter cell can power up to 2 shots', 0, 0, NULL, TRUE, 'Martial', '6d8', NULL, 'necrotic', 0, 0, Point(120, 360), FALSE),
('Laser Rifle', 'Ranged Weapon', 'Unknown', 'DMG', NULL, 7, 268, 'Each energy cell can power up to 30 shots.', 0, 0, NULL, TRUE, 'Martial', '3d8', NULL, 'radiant', 0, 0, Point(100, 300), FALSE),

-- Ammunition
('Arrow', 'Ammunition', 'Unknown', 'PHB', '5cp', 0.05, 150, NULL, 0, 0, NULL, FALSE, NULL, NULL, NULL, NULL, 0, 0, NULL, FALSE),
('Blowgun Needle', 'Ammunition', 'Unknown', 'PHB', '2cp', 0.02, 150, NULL, 0, 0, NULL, FALSE, NULL, NULL, NULL, NULL, 0, 0, NULL, FALSE),
('Crossbow Bolt', 'Ammunition', 'Unknown', 'PHB', '5cp', 0.075, 150, NULL, 0, 0, NULL, FALSE, NULL, NULL, NULL, NULL, 0, 0, NULL, FALSE),
('Sling Bullets (5)', 'Ammunition', 'Unknown', 'PHB', '1cp', 1.5, 150, NULL, 0, 0, NULL, FALSE, NULL, NULL, NULL, NULL, 0, 0, NULL, FALSE),
('Renaissance Bullet', 'Ammunition', 'Unknown', 'DMG', '3sp', 2, 268, NULL, 0, 0, NULL, FALSE, NULL, NULL, NULL, NULL, 0, 0, NULL, FALSE),
('Modern Bullet', 'Ammunition', 'Unknown', 'DMG', NULL, 1, 268, NULL, 0, 0, NULL, FALSE, NULL, NULL, NULL, NULL, 0, 0, NULL, FALSE),
('Energy Cell', 'Ammunition', 'Unknown', 'DMG', NULL, 0.3125, 268, NULL, 0, 0, NULL, FALSE, NULL, NULL, NULL, NULL, 0, 0, NULL, FALSE),

-- Armor
('Breastplate', 'Medium Armor', 'Unknown', 'PHB', '400gp', 20, 145, 'This armor consists of a fitted metal chest piece worn with supple leather. Although it leaves the legs and arms relatively unprotected, this armor provides good protection for the wearer''s vital organs while leaving the wearer relatively unencumbered.', 0, 0, 14, FALSE, NULL, NULL, NULL, NULL, 0, 0, NULL, FALSE),
('Chain Mail', 'Heavy Armor', 'Unknown', 'PHB', '75gp', 55, 145, 'Made of interlocking metal rings, chain mail includes a layer of quilted fabric worn underneath the mail to prevent chafing and to cushion the impact of blows. The suit includes gauntlets.', 0, 0, 16, FALSE, NULL, NULL, NULL, NULL, 0, 0, NULL, FALSE),
('Chain Shirt', 'Medium Armor', 'Unknown', 'PHB', '50gp', 20, 144, 'Made of interlocking metal rings, a chain shirt is worn between layers of clothing or leather. This armor offers modest protection to the wearer''s upper body and allows the sound of the rings rubbing against one another to be muffled by outer layers.', 0, 0, 13, FALSE, NULL, NULL, NULL, NULL, 0, 0, NULL, FALSE),
('Half Plate Armor', 'Medium Armor', 'Unknown', 'PHB', '750gp', 40, 145, 'Half plate consists of shaped metal plates that cover most of the wearer''s body. It does not include leg protection beyond simple greaves that are attached with leather straps.', 0, 0, 15, FALSE, NULL, NULL, NULL, NULL, 0, 0, NULL, FALSE),
('Hide Armor', 'Medium Armor', 'Unknown', 'PHB', '10gp', 12, 144, 'This crude armor consists of thick furs and pelts. It is commonly worn by barbarian tribes, evil humanoids, and other folk who lack access to the tools and materials needed to create better armor.', 0, 0, 12, FALSE, NULL, NULL, NULL, NULL, 0, 0, NULL, FALSE),
('Leather Armor', 'Light Armor', 'Unknown', 'PHB', '10gp', 10, 144, 'The breastplate and shoulder protectors of this armor are made of leather that has been stiffened by being boiled in oil. The rest of the armor is made of softer and more flexible materials.', 0, 0, 11, FALSE, NULL, NULL, NULL, NULL, 0, 0, NULL, FALSE),
('Padded Armor', 'Light Armor', 'Unknown', 'PHB', '5gp', 8, 144, 'Padded armor consists of quilted layers of cloth and batting.', 0, 0, 11, FALSE, NULL, NULL, NULL, NULL, 0, 0, NULL, FALSE),
('Plate Armor', 'Heavy Armor', 'Unknown', 'PHB', '1500gp', 65, 145, 'Plate consists of shaped, interlocking metal plates to cover the entire body. A suit of plate includes gauntlets, heavy leather boots, a visored helmet, and thick layers of padding underneath the armor. Buckles and straps distribute the weight over the body.', 0, 0, 18, FALSE, NULL, NULL, NULL, NULL, 0, 0, NULL, FALSE),
('Ring Mail', 'Heavy Armor', 'Unknown', 'PHB', '30gp', 40, 145, 'This armor is leather armor with heavy rings sewn into it. The rings help reinforce the armor against blows from swords and axes. Ring mail is inferior to chain mail, and it''s usually worn only by those who can''t afford better armor.', 0, 0, 14, FALSE, NULL, NULL, NULL, NULL, 0, 0, NULL, FALSE),
('Scale Mail', 'Medium Armor', 'Unknown', 'PHB', '50gp', 45, 144, 'This armor consists of a coat and leggings (and perhaps a separate skirt) of leather covered with overlapping pieces of metal, much like the scales of a fish. The suit includes gauntlets.', 0, 0, 14, FALSE, NULL, NULL, NULL, NULL, 0, 0, NULL, FALSE),
('Spiked Armor', 'Medium Armor', 'Rare', 'SCAG', '75gp', 45, 121, 'Spiked armor is a rare type of medium armor made by dwarves. It consists of a leather coat and leggings covered with spikes that are usually made of metal.', 0, 0, 14, FALSE, NULL, NULL, NULL, NULL, 0, 0, NULL, FALSE),
('Splint Armor', 'Heavy Armor', 'Unknown', 'PHB', '200gp', 60, 145, 'This armor is made of narrow vertical strips of metal riveted to a backing of leather that is worn over cloth padding. Flexible chain mail protects the joints.', 0, 0, 17, FALSE, NULL, NULL, NULL, NULL, 0, 0, NULL, FALSE),
('Studded Armor', 'Light Armor', 'Unknown', 'PHB', '45gp', 13, 144, 'Made from tough but flexible leather, studded leather is reinforced with close-set rivets or spikes.', 0, 0, 12, FALSE, NULL, NULL, NULL, NULL, 0, 0, NULL, FALSE),
('Shield', 'Shield', 'Unknown', 'PHB', '10gp', 6, 144, 'A shield is made from wood or metal and is carried in one hand. Wielding a shield increases your Armor Class by 2. You can benefit from only one shield at a time.', 0, 0, 2, FALSE, NULL, NULL, NULL, NULL, 0, 0, NULL, FALSE),

-- Treasure
('Azurite', 'Treasure', 'Unknown', 'DMG', '10gp', 0, 134, 'An opaque mottled deep blue gemstone.', 0, 0, NULL, FALSE, NULL, NULL, NULL, NULL, NULL, NULL, NULL, FALSE),
('Banded Agate', 'Treasure', 'Unknown', 'DMG', '10gp', 0, 134, 'A translucent striped brown, blue, white, or red gemstone.', 0, 0, NULL, FALSE, NULL, NULL, NULL, NULL, NULL, NULL, NULL, FALSE),
('Blue Quartz', 'Treasure', 'Unknown', 'DMG', '10gp', 0, 134, 'A transparent pale blue gemstone.', 0, 0, NULL, FALSE, NULL, NULL, NULL, NULL, NULL, NULL, NULL, FALSE),
('Eye Agate', 'Treasure', 'Unknown', 'DMG', '10gp', 0, 134, 'A translucent circles of gray, white, brown, blue, or green gemstone.', 0, 0, NULL, FALSE, NULL, NULL, NULL, NULL, NULL, NULL, NULL, FALSE),
('Hematite', 'Treasure', 'Unknown', 'DMG', '10gp', 0, 134, 'An opaque gray-black gemstone.', 0, 0, NULL, FALSE, NULL, NULL, NULL, NULL, NULL, NULL, NULL, FALSE),
('Lapis Lazuli', 'Treasure', 'Unknown', 'DMG', '10gp', 0, 134, 'An opaque light and dark blue with yellow flecks gemstone.', 0, 0, NULL, FALSE, NULL, NULL, NULL, NULL, NULL, NULL, NULL, FALSE),
('Malachite', 'Treasure', 'Unknown', 'DMG', '10gp', 0, 134, 'An opaque striated light and dark green gemstone.', 0, 0, NULL, FALSE, NULL, NULL, NULL, NULL, NULL, NULL, NULL, FALSE),
('Moss Agate', 'Treasure', 'Unknown', 'DMG', '10gp', 0, 134, 'A translucent pink or yellow-white with mossy gray or green markings gemstone.', 0, 0, NULL, FALSE, NULL, NULL, NULL, NULL, NULL, NULL, NULL, FALSE),
('Obsidian', 'Treasure', 'Unknown', 'DMG', '10gp', 0, 134, 'An opaque black gemstone.', 0, 0, NULL, FALSE, NULL, NULL, NULL, NULL, NULL, NULL, NULL, FALSE),
('Rhodochrosite', 'Treasure', 'Unknown', 'DMG', '10gp', 0, 134, 'An opaque light pink gemstone.', 0, 0, NULL, FALSE, NULL, NULL, NULL, NULL, NULL, NULL, NULL, FALSE),
('Tiger Eye', 'Treasure', 'Unknown', 'DMG', '10gp', 0, 134, 'A translucent brown with golden center gemstone.', 0, 0, NULL, FALSE, NULL, NULL, NULL, NULL, NULL, NULL, NULL, FALSE),
('Turquoise', 'Treasure', 'Unknown', 'DMG', '10gp', 0, 134, 'An opaque light blue-green gemstone.', 0, 0, NULL, FALSE, NULL, NULL, NULL, NULL, NULL, NULL, NULL, FALSE),
('Amber', 'Treasure', 'Unknown', 'DMG', '100gp', 0, 134, 'A transparent watery gold to rich gold gemstone.', 0, 0, NULL, FALSE, NULL, NULL, NULL, NULL, NULL, NULL, NULL, FALSE),
('Amethyst', 'Treasure', 'Unknown', 'DMG', '100gp', 0, 134, 'A transparent deep purple gemstone.', 0, 0, NULL, FALSE, NULL, NULL, NULL, NULL, NULL, NULL, NULL, FALSE),
('Chrysoberyl', 'Treasure', 'Unknown', 'DMG', '100gp', 0, 134, 'A transparent yellow-green to pale green gemstone.', 0, 0, NULL, FALSE, NULL, NULL, NULL, NULL, NULL, NULL, NULL, FALSE),
('Coral', 'Treasure', 'Unknown', 'DMG', '100gp', 0, 134, 'An opaque crimson gemstone.', 0, 0, NULL, FALSE, NULL, NULL, NULL, NULL, NULL, NULL, NULL, FALSE),
('Garnet', 'Treasure', 'Unknown', 'DMG', '100gp', 0, 134, 'A transparent red, brown-green, or violet gemstone.', 0, 0, NULL, FALSE, NULL, NULL, NULL, NULL, NULL, NULL, NULL, FALSE),
('Jade', 'Treasure', 'Unknown', 'DMG', '100gp', 0, 134, 'A translucent light green, deep green, or white gemstone.', 0, 0, NULL, FALSE, NULL, NULL, NULL, NULL, NULL, NULL, NULL, FALSE),
('Jet', 'Treasure', 'Unknown', 'DMG', '100gp', 0, 134, 'An opaque deep black gemstone.', 0, 0, NULL, FALSE, NULL, NULL, NULL, NULL, NULL, NULL, NULL, FALSE),
('Pearl', 'Treasure', 'Unknown', 'DMG', '100gp', 0, 134, 'An opaque lustrous white, yellow, or pink gemstone.', 0, 0, NULL, FALSE, NULL, NULL, NULL, NULL, NULL, NULL, NULL, FALSE),
('Spinel', 'Treasure', 'Unknown', 'DMG', '100gp', 0, 134, 'A transparent red, red-brown, or deep green gemstone.', 0, 0, NULL, FALSE, NULL, NULL, NULL, NULL, NULL, NULL, NULL, FALSE),
('Tourmaline', 'Treasure', 'Unknown', 'DMG', '100gp', 0, 134, 'A transparent pale green, blue, brown, or red gemstone.', 0, 0, NULL, FALSE, NULL, NULL, NULL, NULL, NULL, NULL, NULL, FALSE),
('Black Opal', 'Treasure', 'Unknown', 'DMG', '1000gp', 0, 134, 'A translucent dark green with black mottling and golden flecks gemstone.', 0, 0, NULL, FALSE, NULL, NULL, NULL, NULL, NULL, NULL, NULL, FALSE),
('Blue Sapphire', 'Treasure', 'Unknown', 'DMG', '1000gp', 0, 134, 'A transparent blue-white to medium blue gemstone.', 0, 0, NULL, FALSE, NULL, NULL, NULL, NULL, NULL, NULL, NULL, FALSE),
('Emerald', 'Treasure', 'Unknown', 'DMG', '1000gp', 0, 134, 'A transparent deep bright green gemstone.', 0, 0, NULL, FALSE, NULL, NULL, NULL, NULL, NULL, NULL, NULL, FALSE),
('Fire Opal', 'Treasure', 'Unknown', 'DMG', '1000gp', 0, 134, 'A translucent fiery red gemstone worth.', 0, 0, NULL, FALSE, NULL, NULL, NULL, NULL, NULL, NULL, NULL, FALSE),
('Opal', 'Treasure', 'Unknown', 'DMG', '1000gp', 0, 134, 'A translucent pale blue with green and golden mottling gemstone.', 0, 0, NULL, FALSE, NULL, NULL, NULL, NULL, NULL, NULL, NULL, FALSE),
('Star Ruby', 'Treasure', 'Unknown', 'DMG', '1000gp', 0, 134, 'A translucent ruby with white star-shaped center gemstone.', 0, 0, NULL, FALSE, NULL, NULL, NULL, NULL, NULL, NULL, NULL, FALSE),
('Star Sapphire', 'Treasure', 'Unknown', 'DMG', '1000gp', 0, 134, 'A translucent blue sapphire with white star-shaped center gemstone.', 0, 0, NULL, FALSE, NULL, NULL, NULL, NULL, NULL, NULL, NULL, FALSE),
('Yellow Sapphire', 'Treasure', 'Unknown', 'DMG', '1000gp', 0, 134, 'A transparent fiery yellow or yellow-green gemstone.', 0, 0, NULL, FALSE, NULL, NULL, NULL, NULL, NULL, NULL, NULL, FALSE),
('Black velvet mask stitched with silver thread', 'Treasure', 'Unknown', 'DMG', '25gp', 0, 134, NULL, 0, 0, NULL, false, NULL, NULL, NULL, NULL, NULL, NULL, NULL, FALSE),
('Carved bone statuette', 'Treasure', 'Unknown', 'DMG', '25gp', 0, 134, NULL, 0, 0, NULL, false, NULL, NULL, NULL, NULL, NULL, NULL, NULL, FALSE),
('Cloth-of-gold vestments', 'Treasure', 'Unknown', 'DMG', '25gp', 0, 134, NULL, 0, 0, NULL, false, NULL, NULL, NULL, NULL, NULL, NULL, NULL, FALSE),
('Copper chalice with silver filigree', 'Treasure', 'Unknown', 'DMG', '25gp', 0, 134, NULL, 0, 0, NULL, false, NULL, NULL, NULL, NULL, NULL, NULL, NULL, FALSE),
('Embroidered silk handkerchief', 'Treasure', 'Unknown', 'DMG', '25gp', 0, 134, NULL, 0, 0, NULL, false, NULL, NULL, NULL, NULL, NULL, NULL, NULL, FALSE),
('Gold locket with a painted portrait inside', 'Treasure', 'Unknown', 'DMG', '25gp', 0, 134, NULL, 0, 0, NULL, false, NULL, NULL, NULL, NULL, NULL, NULL, NULL, FALSE),
('Pair of engraved bone dice', 'Treasure', 'Unknown', 'DMG', '25gp', 0, 134, NULL, 0, 0, NULL, false, NULL, NULL, NULL, NULL, NULL, NULL, NULL, FALSE),
('Silver ewer', 'Treasure', 'Unknown', 'DMG', '25gp', 0, 134, NULL, 0, 0, NULL, false, NULL, NULL, NULL, NULL, NULL, NULL, NULL, FALSE),
('Small gold bracelet', 'Treasure', 'Unknown', 'DMG', '25gp', 0, 134, NULL, 0, 0, NULL, false, NULL, NULL, NULL, NULL, NULL, NULL, NULL, FALSE),
('Small mirror set in a painted wooden frame', 'Treasure', 'Unknown', 'DMG', '25gp', 0, 134, NULL, 0, 0, NULL, false, NULL, NULL, NULL, NULL, NULL, NULL, NULL, FALSE),
('Box of turquoise animal figurines', 'Treasure', 'Unknown', 'DMG', '250gp', 0, 134, NULL, 0, 0, NULL, false, NULL, NULL, NULL, NULL, NULL, NULL, NULL, FALSE),
('Brass mug with jade inlay', 'Treasure', 'Unknown', 'DMG', '250gp', 0, 134, NULL, 0, 0, NULL, false, NULL, NULL, NULL, NULL, NULL, NULL, NULL, FALSE),
('Bronze crown', 'Treasure', 'Unknown', 'DMG', '250gp', 0, 134, NULL, 0, 0, NULL, false, NULL, NULL, NULL, NULL, NULL, NULL, NULL, FALSE),
('Carved ivory statuette', 'Treasure', 'Unknown', 'DMG', '250gp', 0, 134, NULL, 0, 0, NULL, false, NULL, NULL, NULL, NULL, NULL, NULL, NULL, FALSE),
('Gold bird cage with electrum filigree', 'Treasure', 'Unknown', 'DMG', '250gp', 0, 134, NULL, 0, 0, NULL, false, NULL, NULL, NULL, NULL, NULL, NULL, NULL, FALSE),
('Gold ring set with bloodstones', 'Treasure', 'Unknown', 'DMG', '250gp', 0, 134, NULL, 0, 0, NULL, false, NULL, NULL, NULL, NULL, NULL, NULL, NULL, FALSE),
('Large gold bracelet', 'Treasure', 'Unknown', 'DMG', '250gp', 0, 134, NULL, 0, 0, NULL, false, NULL, NULL, NULL, NULL, NULL, NULL, NULL, FALSE),
('Large well-made tapestry', 'Treasure', 'Unknown', 'DMG', '250gp', 0, 134, NULL, 0, 0, NULL, false, NULL, NULL, NULL, NULL, NULL, NULL, NULL, FALSE),
('Silk robe with gold embroidery', 'Treasure', 'Unknown', 'DMG', '250gp', 0, 134, NULL, 0, 0, NULL, false, NULL, NULL, NULL, NULL, NULL, NULL, NULL, FALSE),
('Silver necklace with a gemstone pendant', 'Treasure', 'Unknown', 'DMG', '250gp', 0, 134, NULL, 0, 0, NULL, false, NULL, NULL, NULL, NULL, NULL, NULL, NULL, FALSE),
('Necklace string of small pink pearls', 'Treasure', 'Unknown', 'DMG', '2500gp', 0, 134, NULL, 0, 0, NULL, false, NULL, NULL, NULL, NULL, NULL, NULL, NULL, FALSE),
('Embroidered glove set with jewel chips', 'Treasure', 'Unknown', 'DMG', '2500gp', 0, 134, NULL, 0, 0, NULL, false, NULL, NULL, NULL, NULL, NULL, NULL, NULL, FALSE),
('Embroidered silk and velvet mantle set with numerous moonstones', 'Treasure', 'Unknown', 'DMG', '2500gp', 0, 134, NULL, 0, 0, NULL, false, NULL, NULL, NULL, NULL, NULL, NULL, NULL, FALSE),
('Eye patch with a mock eye set in blue sapphire and moonstone', 'Treasure', 'Unknown', 'DMG', '2500gp', 0, 134, NULL, 0, 0, NULL, false, NULL, NULL, NULL, NULL, NULL, NULL, NULL, FALSE),
('Fine gold chain set with a fire opal', 'Treasure', 'Unknown', 'DMG', '2500gp', 0, 134, NULL, 0, 0, NULL, false, NULL, NULL, NULL, NULL, NULL, NULL, NULL, FALSE),
('Gold circlet set with four aquamarines', 'Treasure', 'Unknown', 'DMG', '2500gp', 0, 134, NULL, 0, 0, NULL, false, NULL, NULL, NULL, NULL, NULL, NULL, NULL, FALSE),
('Gold music box', 'Treasure', 'Unknown', 'DMG', '2500gp', 0, 134, NULL, 0, 0, NULL, false, NULL, NULL, NULL, NULL, NULL, NULL, NULL, FALSE),
('Jeweled anklet', 'Treasure', 'Unknown', 'DMG', '2500gp', 0, 134, NULL, 0, 0, NULL, false, NULL, NULL, NULL, NULL, NULL, NULL, NULL, FALSE),
('Old masterpiece painting', 'Treasure', 'Unknown', 'DMG', '2500gp', 0, 134, NULL, 0, 0, NULL, false, NULL, NULL, NULL, NULL, NULL, NULL, NULL, FALSE),
('Platinum bracelet set with a sapphire', 'Treasure', 'Unknown', 'DMG', '2500gp', 0, 134, NULL, 0, 0, NULL, false, NULL, NULL, NULL, NULL, NULL, NULL, NULL, FALSE),
('Bloodstone', 'Treasure', 'Unknown', 'DMG', '50gp', 0, 134, 'An opaque dark gray with red flecks gemstone.', 0, 0, NULL, FALSE, NULL, NULL, NULL, NULL, NULL, NULL, NULL, FALSE),
('Carnelian', 'Treasure', 'Unknown', 'DMG', '50gp', 0, 134, 'An opaque orange to red-brown gemstone.', 0, 0, NULL, FALSE, NULL, NULL, NULL, NULL, NULL, NULL, NULL, FALSE),
('Chalcedony', 'Treasure', 'Unknown', 'DMG', '50gp', 0, 134, 'An opaque white gemstone.', 0, 0, NULL, FALSE, NULL, NULL, NULL, NULL, NULL, NULL, NULL, FALSE),
('Chrysoprase', 'Treasure', 'Unknown', 'DMG', '50gp', 0, 134, 'A translucent green gemstone.', 0, 0, NULL, FALSE, NULL, NULL, NULL, NULL, NULL, NULL, NULL, FALSE),
('Citrine', 'Treasure', 'Unknown', 'DMG', '50gp', 0, 134, 'A transparent pale yellow-brown gemstone.', 0, 0, NULL, FALSE, NULL, NULL, NULL, NULL, NULL, NULL, NULL, FALSE),
('Jasper', 'Treasure', 'Unknown', 'DMG', '50gp', 0, 134, 'An opaque blue, black, or brown gemstone.', 0, 0, NULL, FALSE, NULL, NULL, NULL, NULL, NULL, NULL, NULL, FALSE),
('Moonstone', 'Treasure', 'Unknown', 'DMG', '50gp', 0, 134, 'A translucent white with pale blue glow gemstone.', 0, 0, NULL, FALSE, NULL, NULL, NULL, NULL, NULL, NULL, NULL, FALSE),
('Onyx', 'Treasure', 'Unknown', 'DMG', '50gp', 0, 134, 'An opaque black and white banded, or pure black or white gemstone.', 0, 0, NULL, FALSE, NULL, NULL, NULL, NULL, NULL, NULL, NULL, FALSE),
('Quartz', 'Treasure', 'Unknown', 'DMG', '50gp', 0, 134, 'A transparent white, smoky gray, or yellow gemstone.', 0, 0, NULL, FALSE, NULL, NULL, NULL, NULL, NULL, NULL, NULL, FALSE),
('Sardonyx', 'Treasure', 'Unknown', 'DMG', '50gp', 0, 134, 'An opaque bands of red and white gemstone.', 0, 0, NULL, FALSE, NULL, NULL, NULL, NULL, NULL, NULL, NULL, FALSE),
('Star rose quartz', 'Treasure', 'Unknown', 'DMG', '50gp', 0, 134, 'A translucent rosy stone with white star-shaped center gemstone.', 0, 0, NULL, FALSE, NULL, NULL, NULL, NULL, NULL, NULL, NULL, FALSE),
('Zircon', 'Treasure', 'Unknown', 'DMG', '50gp', 0, 134, 'A transparent pale blue-green gemstone.', 0, 0, NULL, FALSE, NULL, NULL, NULL, NULL, NULL, NULL, NULL, FALSE),
('Alexandrite', 'Treasure', 'Unknown', 'DMG', '500gp', 0, 134, 'A transparent dark green gemstone.', 0, 0, NULL, FALSE, NULL, NULL, NULL, NULL, NULL, NULL, NULL, FALSE),
('Aquamarine', 'Treasure', 'Unknown', 'DMG', '500gp', 0, 134, 'A transparent pale blue-green gemstone.', 0, 0, NULL, FALSE, NULL, NULL, NULL, NULL, NULL, NULL, NULL, FALSE),
('Black Pearl', 'Treasure', 'Unknown', 'DMG', '500gp', 0, 134, 'An opaque pure black gemstone.', 0, 0, NULL, FALSE, NULL, NULL, NULL, NULL, NULL, NULL, NULL, FALSE),
('Blue Spinel', 'Treasure', 'Unknown', 'DMG', '500gp', 0, 134, 'A transparent deep blue gemstone.', 0, 0, NULL, FALSE, NULL, NULL, NULL, NULL, NULL, NULL, NULL, FALSE),
('Peridot', 'Treasure', 'Unknown', 'DMG', '500gp', 0, 134, 'A transparent rich olive green gemstone.', 0, 0, NULL, FALSE, NULL, NULL, NULL, NULL, NULL, NULL, NULL, FALSE),
('Topaz', 'Treasure', 'Unknown', 'DMG', '500gp', 0, 134, 'A transparent golden yellow gemstone.', 0, 0, NULL, FALSE, NULL, NULL, NULL, NULL, NULL, NULL, NULL, FALSE),
('Black Sapphire', 'Treasure', 'Unknown', 'DMG', '5000gp', 0, 134, 'A translucent lustrous black with glowing highlights gemstone.', 0, 0, NULL, FALSE, NULL, NULL, NULL, NULL, NULL, NULL, NULL, FALSE),
('Diamond', 'Treasure', 'Unknown', 'DMG', '5000gp', 0, 134, 'A transparent blue-white, canary, pink, brown, or blue gemstone.', 0, 0, NULL, FALSE, NULL, NULL, NULL, NULL, NULL, NULL, NULL, FALSE),
('Jacinth', 'Treasure', 'Unknown', 'DMG', '5000gp', 0, 134, 'A transparent fiery orange gemstone.', 0, 0, NULL, FALSE, NULL, NULL, NULL, NULL, NULL, NULL, NULL, FALSE),
('Ruby', 'Treasure', 'Unknown', 'DMG', '5000gp', 0, 134, 'A transparent clear red to deep crimson gemstone.', 0, 0, NULL, FALSE, NULL, NULL, NULL, NULL, NULL, NULL, NULL, FALSE),
('Bottle stopper cork embossed with gold leaf and set with amethysts', 'Treasure', 'Unknown', 'DMG', '750gp', 0, 134, NULL, 0, 0, NULL, false, NULL, NULL, NULL, NULL, NULL, NULL, NULL, FALSE),
('Carved harp of exotic wood with ivory inlay and zircon gems', 'Treasure', 'Unknown', 'DMG', '750gp', 0, 134, NULL, 0, 0, NULL, false, NULL, NULL, NULL, NULL, NULL, NULL, NULL, FALSE),
('Ceremonial electrum dagger with a black pearl in the pommel', 'Treasure', 'Unknown', 'DMG', '750gp', 0, 134, NULL, 0, 0, NULL, false, NULL, NULL, NULL, NULL, NULL, NULL, NULL, FALSE),
('Gold dragon comb set with red garnets as eyes', 'Treasure', 'Unknown', 'DMG', '750gp', 0, 134, NULL, 0, 0, NULL, false, NULL, NULL, NULL, NULL, NULL, NULL, NULL, FALSE),
('Obsidian statuette with gold fittings and inlay', 'Treasure', 'Unknown', 'DMG', '750gp', 0, 134, NULL, 0, 0, NULL, false, NULL, NULL, NULL, NULL, NULL, NULL, NULL, FALSE),
('Painted gold war mask', 'Treasure', 'Unknown', 'DMG', '750gp', 0, 134, NULL, 0, 0, NULL, false, NULL, NULL, NULL, NULL, NULL, NULL, NULL, FALSE),
('Silver and gold brooch', 'Treasure', 'Unknown', 'DMG', '750gp', 0, 134, NULL, 0, 0, NULL, false, NULL, NULL, NULL, NULL, NULL, NULL, NULL, FALSE),
('Silver chalice set with moonstones', 'Treasure', 'Unknown', 'DMG', '750gp', 0, 134, NULL, 0, 0, NULL, false, NULL, NULL, NULL, NULL, NULL, NULL, NULL, FALSE),
('Silver-plated steel longsword with jet set in hilt', 'Treasure', 'Unknown', 'DMG', '750gp', 0, 134, NULL, 0, 0, NULL, false, NULL, NULL, NULL, NULL, NULL, NULL, NULL, FALSE),
('Small gold idol', 'Treasure', 'Unknown', 'DMG', '750gp', 0, 134, NULL, 0, 0, NULL, false, NULL, NULL, NULL, NULL, NULL, NULL, NULL, FALSE),
('Bejeweled ivory drinking horn with gold filigree', 'Treasure', 'Unknown', 'DMG', '7500gp', 0, 134, NULL, 0, 0, NULL, false, NULL, NULL, NULL, NULL, NULL, NULL, NULL, FALSE),
('Gold cup set with emeralds', 'Treasure', 'Unknown', 'DMG', '7500gp', 0, 134, NULL, 0, 0, NULL, false, NULL, NULL, NULL, NULL, NULL, NULL, NULL, FALSE),
('Gold jewelry box with platinum filigree', 'Treasure', 'Unknown', 'DMG', '7500gp', 0, 134, NULL, 0, 0, NULL, false, NULL, NULL, NULL, NULL, NULL, NULL, NULL, FALSE),
('Jade game board with solid gold playing pieces', 'Treasure', 'Unknown', 'DMG', '7500gp', 0, 134, NULL, 0, 0, NULL, false, NULL, NULL, NULL, NULL, NULL, NULL, NULL, FALSE),
('Jeweled gold crown', 'Treasure', 'Unknown', 'DMG', '7500gp', 0, 134, NULL, 0, 0, NULL, false, NULL, NULL, NULL, NULL, NULL, NULL, NULL, FALSE),
('Jeweled platinum ring', 'Treasure', 'Unknown', 'DMG', '7500gp', 0, 134, NULL, 0, 0, NULL, false, NULL, NULL, NULL, NULL, NULL, NULL, NULL, FALSE),
('Painted gold child''s sarcophagus', 'Treasure', 'Unknown', 'DMG', '7500gp', 0, 134, NULL, 0, 0, NULL, false, NULL, NULL, NULL, NULL, NULL, NULL, NULL, FALSE),
('Small gold statuette set with rubies', 'Treasure', 'Unknown', 'DMG', '7500gp', 0, 134, NULL, 0, 0, NULL, false, NULL, NULL, NULL, NULL, NULL, NULL, NULL, FALSE),

-- Adventuring Gear
('Abacus', 'Adventuring Gear', 'Unknown', 'PHB', '50gp', 2, 148, NULL, 0, 0, NULL, FALSE, NULL, NULL, NULL, NULL, NULL, NULL, NULL, FALSE),
('Acid (vial)', 'Adventuring Gear', 'Unknown', 'PHB', '25gp', 1, 148, 'As an action, you can splash the contents of this vial onto a creature within 5 feet of you or throw the vial up to 20 feet, shattering it on impact. In either case, make a ranged attack against a creature or object, treating the acid as an improvised weapon. On a hit, the target takes 2d6 acid damage.', 0, 0, NULL, FALSE, NULL, NULL, NULL, NULL, NULL, NULL, NULL, FALSE),
('Alchemist''s Fire (flask)', 'Adventuring Gear', 'Unknown', 'PHB', '50gp', 1, 148, 'This sticky, adhesive fluid ignites when exposed to air. As an action, you can throw this flask up to 20 feet, shattering it on impact. Make a ranged attack against a creature or object, treating the alchemist''s fire as an improvised weapon. On a hit, the target takes 1d4 fire damage at the start of each of its turns. A creature can end this damage by using its action to make a DC 10 Dexterity check to extinguish the flames.', 0, 0, NULL, FALSE, NULL, NULL, NULL, NULL, NULL, NULL, NULL, FALSE),

-- Artisan Tools
('Alchemist''s Supplies', 'Artisan Tool', 'Unknown', 'PHB', '50gp', 8, 154, 'Alchemist''s supplies enable a character to produce useful concoctions, such as acid or alchemist''s fire.', 0, 0, NULL, FALSE, NULL, NULL, NULL, NULL, NULL, NULL, NULL, FALSE),

-- Wondrous Items
('Alchemy Jug', 'Wondrous Item', 'Uncommon', 'DMG', NULL, 12, 150, 'This ceramic jug appears to be able to hold a gallon of liquid and weighs 12 pounds whether full or empty. Sloshing sounds can be heard from within the jug when it is shaken, even if the jug is empty. You can use an action and name one liquid from the table below to cause the jug to produce the chosen liquid. Afterward, you can uncork the jug as an action and pour that liquid out, up to 2 gallons per minute. The maximum amount of liquid the jug can produce depends on the liquid you named. Once the jug starts producing a liquid, it can''t produce a different one, or more of one that has reached its maximum, until the next dawn.', 0, 0, NULL, FALSE, NULL, NULL, NULL, NULL, 0, 0, NULL, FALSE);

CREATE TABLE itemAction(item text REFERENCES item (name),
                        difficultyClass smallint,
                        name text,
                        description text);
COMMENT ON TABLE itemAction IS 'This table actually stores all special traits of items as well as actions';
INSERT INTO itemAction VALUES
('Alchemist''s Supplies', NULL, 'Components', 'Alchemist''s supplies include two glass beakers, a metal frame to hold a beaker in place over an open flame, a glass stirring rod, a small mortar and pestle, and a pouch of common alchemical ingredients, including salt, powdered iron, and purified water.'),
('Alchemist''s Supplies', NULL, 'Arcana', 'Proficiency with alchemist''s supplies allows you to unlock more information on Arcana checks involving potions and similar materials.'),
('Alchemist''s Supplies', NULL, 'Investigation', 'When you inspect an area for clues, proficiency with alchemist''s supplies grants additional insight into any chemicals or other substances that might have been used in the area.'),
('Alchemist''s Supplies', NULL, 'Alchemical Crafting', 'You can use this tool proficiency to create alchemical items. A character can spend money to collect raw materials, which weigh 1 pound for every 50 gp spent. The DM can allow a character to make a check using the indicated skill with advantage. As part of a long rest, you can use alchemist''s supplies to make one dose of acid, alchemist''s fire, antitoxin, oil, perfume, or soap. Subtract half the value of the created item from the total gp worth of raw materials you are carrying.'),
('Alchemist''s Supplies', 10, 'Create a puff of thick smoke', NULL),
('Alchemist''s Supplies', 10, 'Identify a poison', NULL),
('Alchemist''s Supplies', 15, 'Identify a substance', NULL),
('Alchemist''s Supplies', 15, 'Start a fire', NULL),
('Alchemist''s Supplies', 20, 'Neutralize acid', NULL);

CREATE TABLE property(name text PRIMARY KEY,
                      description text,
                      source text REFERENCES book (abbreviation),
                      page smallint);
COMMENT ON TABLE property IS '"properties" are weapon properties, Heavy, Light, Thrown etc. Miscellaneous properties should be explained in item descriptions, and their presence is indicated by the "Special" property';
INSERT INTO property VALUES
('Ammunition', 'You can use a weapon that has the ammunition property to make a ranged attack only if you have ammunition to fire from the weapon. Each time you attack with the weapon, you expend one piece of ammunition. Drawing the ammunition from a quiver, case, or other container is part of the attack. Loading a one-handed weapon requires a free hand. At the end of the battle, you can recover half your expended ammunition by taking a minute to search the battlefield. If you use a weapon that has the ammunition property to make a melee attack, you treat the weapon as an improvised weapon. A sling must be loaded to deal any damage when used in this way.', 'PHB', 146),
('Burst Fire', 'A weapon that has the burst fire property can make a single-target attack, or it can spray a 10-foot-cube area within normal range with shots. Each creature in the area must succeed on a DC 15 Dexterity saving throw or take the weapon''s normal damage. This action uses ten pieces of ammunition.', 'DMG', 267),
('Finesse', 'When making an attack with a finesse weapon, you use your choice of your Strength or Dexterity modifier for the attack and damage rolls. You must use the same modifier for both rolls.', 'PHB', 147),
('Heavy', 'Small creatures have disadvantage on attack rolls with heavy weapons. A heavy weapon''s size and bulk make it too large for a Small creature to use effectively.', 'PHB', 147),
('Light', 'A light weapon is small and easy to handle, making it ideal for use when fighting with two weapons.', 'PHB', 147),
('Loading', 'Because of the time required to load this weapon, you can fire only one piece of ammunition from it when you use an action, bonus action, or reaction to fire it, regardless of the number of attacks you can normally make.', 'PHB', 147),
('Reach', 'This weapon adds 5 feet to your reach when you attack with it. This property also determines your reach for opportunity attacks with a reach weapon.', 'PHB', 147),
('Reload', 'A limited number of shots can be made with a weapon that has the reload property. A character must then reload it using an action or a bonus action (the character''s choice).', 'DMG', 267),
('Special', NULL, 'PHB', 147),
('Thrown', 'If a weapon has the thrown property, you can throw the weapon to make a ranged attack. If the weapon is a melee weapon, you use the same ability modifier for that attack roll and damage roll that you would use for a melee attack with the weapon. For example, if you throw a handaxe, you use your Strength, but if you throw a dagger, you can use either your Strength or your Dexterity, since the dagger has the finesse property.', 'PHB', 147),
('Two-Handed', 'This weapon requires two hands to use. This property is relevant only when you attack with the weapon, not when you simply hold it.', 'PHB', 147),
('Versatile', 'This weapon can be used with one or two hands. A damage value in parentheses appears with the property - the damage when the weapon is used with two hands to make a melee attack.', 'PHB', 147);

CREATE TABLE itemProperty (item text REFERENCES item (name),
                           property text REFERENCES property (name));
INSERT INTO itemProperty VALUES
('Battleaxe', 'Versatile'),
('Blowgun', 'Ammunition'),
('Blowgun', 'Loading'),
('Club', 'Light'),
('Dagger', 'Finesse'),
('Dagger', 'Light'),
('Dagger', 'Thrown'),
('Dart', 'Finesse'),
('Dart', 'Thrown'),
('Glaive', 'Heavy'),
('Glaive', 'Reach'),
('Glaive', 'Two-Handed'),
('Greataxe', 'Heavy'),
('Greataxe', 'Two-Handed'),
('Greatclub', 'Two-Handed'),
('Greatsword', 'Heavy'),
('Greatsword', 'Two-Handed'),
('Halberd', 'Heavy'),
('Halberd', 'Reach'),
('Halberd', 'Two-Handed'),
('Handaxe', 'Light'),
('Handaxe', 'Thrown'),
('Hand Crossbow', 'Ammunition'),
('Hand Crossbow', 'Light'),
('Hand Crossbow', 'Loading'),
('Heavy Crossbow', 'Ammunition'),
('Heavy Crossbow', 'Heavy'),
('Heavy Crossbow', 'Loading'),
('Heavy Crossbow', 'Two-Handed'),
('Javelin', 'Thrown'),
('Lance', 'Reach'),
('Lance', 'Special'),
('Light Crossbow', 'Ammunition'),
('Light Crossbow', 'Loading'),
('Light Crossbow', 'Two-Handed'),
('Light Hammer', 'Light'),
('Light Hammer', 'Thrown'),
('Longbow', 'Ammunition'),
('Longbow', 'Heavy'),
('Longbow', 'Two-Handed'),
('Longsword', 'Versatile'),
('Maul', 'Heavy'),
('Maul', 'Two-Handed'),
('Net', 'Special'),
('Net', 'Thrown'),
('Pike', 'Heavy'),
('Pike', 'Reach'),
('Pike', 'Two-Handed'),
('Quarterstaff', 'Versatile'),
('Rapier', 'Finesse'),
('Scimitar', 'Finesse'),
('Scimitar', 'Light'),
('Shortbow', 'Ammunition'),
('Shortbow', 'Two-Handed'),
('Shortsword', 'Finesse'),
('Shortsword', 'Light'),
('Sickle', 'Light'),
('Sling', 'Ammunition'),
('Spear', 'Thrown'),
('Spear', 'Versatile'),
('Trident', 'Thrown'),
('Trident', 'Versatile'),
('Warhammer', 'Versatile'),
('Whip', 'Finesse'),
('Whip', 'Reach'),
('Yklwa', 'Thrown'),
('Pistol', 'Ammunition'),
('Pistol', 'Loading'),
('Musket', 'Ammunition'),
('Musket', 'Loading'),
('Musket', 'Two-Handed'),
('Automatic Pistol', 'Ammunition'),
('Automatic Pistol', 'Reload'),
('Revolver', 'Ammunition'),
('Revolver', 'Reload'),
('Hunting Rifle', 'Ammunition'),
('Hunting Rifle', 'Reload'),
('Hunting Rifle', 'Two-Handed'),
('Automatic Rifle', 'Ammunition'),
('Automatic Rifle', 'Burst Fire'),
('Automatic Rifle', 'Reload'),
('Automatic Rifle', 'Two-Handed'),
('Shotgun', 'Ammunition'),
('Shotgun', 'Reload'),
('Shotgun', 'Two-Handed'),
('Laser Pistol', 'Ammunition'),
('Laser Pistol', 'Reload'),
('Antimatter Rifle', 'Ammunition'),
('Antimatter Rifle', 'Reload'),
('Antimatter Rifle', 'Two-Handed'),
('Laser Rifle', 'Ammunition'),
('Laser Rifle', 'Reload'),
('Laser Rifle', 'Two-Handed');

CREATE TABLE axes (item text REFERENCES item(name));
INSERT INTO axes VALUES
('Battleaxe'),
('Greataxe'),
('Handaxe');

CREATE TABLE swords (item text REFERENCES item(name));
INSERT INTO swords VALUES
('Greatsword'),
('Longsword'),
('Rapier'),
('Scimitar'),
('Shortsword');

CREATE TABLE firearms (item text REFERENCES item (name));
INSERT INTO firearms VALUES
('Pistol'),
('Musket'),
('Automatic Pistol'),
('Revolver'),
('Hunting Rifle'),
('Automatic Rifle'),
('Shotgun'),
('Laser Pistol'),
('Antimatter Rifle'),
('Laser Rifle');

CREATE TYPE age AS ENUM ('Modern', 'Futuristic', 'Renaissance');
CREATE TABLE itemAge (item text REFERENCES item (name), age age);
INSERT INTO itemAge VALUES
('Pistol', 'Renaissance'),
('Musket', 'Renaissance'),
('Automatic Pistol', 'Modern'),
('Revolver', 'Modern'),
('Hunting Rifle', 'Modern'),
('Automatic Rifle', 'Modern'),
('Shotgun', 'Modern'),
('Laser Pistol', 'Futuristic'),
('Antimatter Rifle', 'Futuristic'),
('Laser Rifle', 'Futuristic'),
('Renaissance Bullet', 'Renaissance'),
('Modern Bullet', 'Modern'),
('Energy Cell', 'Futuristic');

CREATE TABLE stealth (item text REFERENCES item (name));
INSERT INTO stealth VALUES
('Chain Mail'),
('Half Plate Armor'),
('Padded Armor'),
('Plate Armor'),
('Ring Mail'),
('Scale Mail'),
('Spiked Armor'),
('Splint Armor');

CREATE TABLE itemRequirements (item text REFERENCES item (name),
                               requirement char(3) REFERENCES ability (abbreviation),
                               minimum smallint,
                               PRIMARY KEY(item, requirement));
INSERT INTO itemRequirements VALUES
('Chain Mail', 'Str', 13),
('Plate Armor', 'Str', 15),
('Splint Armor', 'Str', 15);
